f101	unsat	0	equation	0	-	-	-	-	-	-	-	0.00	-
f101	unsat	0	standard	0	-	-	-	-	-	-	-	0.00	-
f143	sat	1	equation	2	1	1	0	1	1	1	yes	0.01	0.00
f143	sat	1	standard	2	1	1	0	1	1	1	yes	0.01	0.00
f1009	unsat	0	equation	0	-	-	-	-	-	-	-	0.01	-
f1009	unsat	0	standard	0	-	-	-	-	-	-	-	0.01	-
f14471	sat	1	equation	511	367	0	511	359	359	0	-	0.07	0.84
f14471	sat	1	standard	511	367	0	511	359	362	0	-	0.08	0.65
f14631	sat	1	equation	514	370	0	514	370	370	1	yes	0.08	0.89
f14631	sat	1	standard	514	370	0	514	370	370	1	yes	0.08	0.66
f14887	unsat	1	equation	510	365	0	510	359	359	0	-	0.08	0.86
f14887	unsat	1	standard	510	365	0	510	359	361	0	-	0.08	0.64
f15591	sat	1	equation	501	359	0	501	359	359	1	yes	0.10	0.77
f15591	sat	1	standard	501	359	0	501	359	359	1	yes	0.10	0.62
f16041	sat	1	equation	506	362	0	506	362	362	1	yes	0.09	0.82
f16041	sat	1	standard	506	362	0	506	362	362	1	yes	0.10	0.65
f32399	sat	2	equation	636	441	0	636	433	433	0	-	0.12	1.45
f32399	sat	2	standard	636	441	0	636	433	433	0	-	0.12	1.17
f32653	unsat	0	equation	0	-	-	-	-	-	-	-	0.13	-
f32653	unsat	0	standard	0	-	-	-	-	-	-	-	0.13	-
f32687	unsat	1	equation	638	435	0	638	426	426	0	-	0.10	1.46
f32687	unsat	1	standard	638	435	0	638	426	429	0	-	0.10	1.17
f32693	unsat	0	equation	0	-	-	-	-	-	-	-	0.18	-
f32693	unsat	0	standard	0	-	-	-	-	-	-	-	0.18	-
f32707	unsat	0	equation	0	-	-	-	-	-	-	-	0.15	-
f32707	unsat	0	standard	0	-	-	-	-	-	-	-	0.15	-
f32713	unsat	1	equation	612	419	0	612	410	410	0	-	0.10	1.32
f32713	unsat	1	standard	612	419	0	612	410	413	0	-	0.11	1.01
f32717	unsat	1	equation	568	404	0	568	395	395	0	-	0.12	1.10
f32717	unsat	1	standard	568	404	0	568	395	399	0	-	0.12	0.88
f32719	unsat	1	equation	615	425	0	615	418	418	0	-	0.11	1.41
f32719	unsat	1	standard	615	425	0	615	418	419	0	-	0.10	1.05
f32749	unsat	0	equation	0	-	-	-	-	-	-	-	0.19	-
f32749	unsat	0	standard	0	-	-	-	-	-	-	-	0.16	-
f60491	sat	2	equation	740	514	0	740	501	501	0	-	0.12	2.17
f60491	sat	2	standard	740	514	0	740	501	507	0	-	0.12	1.74
f65521	unsat	1	equation	713	482	0	713	469	469	0	-	0.11	1.95
f65521	unsat	1	standard	713	482	0	713	469	471	0	-	0.11	1.53
petersen	unsat	0	equation	0	-	-	-	-	-	-	-	0.00	-
petersen	unsat	0	standard	0	-	-	-	-	-	-	-	0.00	-
dodecahedron	sat	2	equation	263	38	0	263	36	38	1	yes	0.02	0.17
dodecahedron	sat	2	standard	263	38	0	263	36	38	1	yes	0.01	0.13
flower5	unsat	2	equation	265	38	0	265	36	36	0	-	0.01	0.17
flower5	unsat	2	standard	265	38	0	265	36	36	0	-	0.01	0.12
flower7	unsat	30	equation	543	54	0	543	52	52	0	-	0.04	1.16
flower7	unsat	30	standard	543	54	0	543	52	52	0	-	0.04	0.67
gp11_2	unsat	5	equation	329	42	0	329	40	40	0	-	0.02	0.29
gp11_2	unsat	5	standard	329	42	0	329	40	40	0	-	0.02	0.20
gp13_2	sat	3	equation	481	50	0	481	46	50	1	yes	0.04	0.78
gp13_2	sat	3	standard	481	50	0	481	46	48	0	-	0.04	0.47
gp14_2	sat	3	equation	563	54	0	563	54	54	1	yes	0.05	1.14
gp14_2	sat	3	standard	563	54	0	563	54	54	1	yes	0.05	0.69
gp17_2	unsat	15	equation	869	66	0	869	62	62	0	-	0.10	3.69
gp17_2	unsat	15	standard	869	66	0	869	62	64	0	-	0.10	2.13
coxeter	unsat	83	equation	585	54	0	585	50	52	0	-	0.05	1.29
coxeter	unsat	83	standard	585	54	0	585	50	52	0	-	0.04	0.84
cubic16_1	sat	1	equation	57	30	0	57	30	30	1	yes	0.02	0.00
cubic16_1	sat	1	standard	57	30	0	57	30	30	1	yes	0.01	0.00
cubic20_1	sat	2	equation	195	38	0	195	38	38	1	yes	0.02	0.08
cubic20_1	sat	2	standard	195	38	0	195	38	38	1	yes	0.02	0.06
cubic24_1	sat	3	equation	403	46	0	403	46	46	1	yes	0.03	0.52
cubic24_1	sat	3	standard	403	46	0	403	46	46	1	yes	0.03	0.36
bip8_1	unsat	0	equation	0	-	-	-	-	-	-	-	0.00	-
bip8_1	unsat	0	standard	0	-	-	-	-	-	-	-	0.00	-
bip9_1	unsat	0	equation	0	-	-	-	-	-	-	-	0.00	-
bip9_1	unsat	0	standard	0	-	-	-	-	-	-	-	0.00	-
bip10_1	unsat	0	equation	0	-	-	-	-	-	-	-	0.00	-
bip10_1	unsat	0	standard	0	-	-	-	-	-	-	-	0.00	-
bip11_1	unsat	0	equation	0	-	-	-	-	-	-	-	0.00	-
bip11_1	unsat	0	standard	0	-	-	-	-	-	-	-	0.00	-
bip12_1	unsat	0	equation	0	-	-	-	-	-	-	-	0.00	-
bip12_1	unsat	0	standard	0	-	-	-	-	-	-	-	0.00	-
f1000003	unsat	8	equation	1343	891	0	1343	881	881	0	-	0.25	10.48
f1000003	unsat	8	standard	1343	891	0	1343	881	882	0	-	0.25	7.98
f1000013	sat	3	equation	1343	895	0	1343	895	895	1	yes	0.27	10.34
f1000013	sat	3	standard	1343	895	0	1343	895	895	1	yes	0.27	7.90
f2097143	unsat	12	equation	1537	1005	0	1537	988	988	0	-	0.31	14.65
f2097143	unsat	12	standard	1537	1005	0	1537	988	988	0	-	0.31	11.39
f4194301	unsat	14	equation	1615	1063	0	1615	1042	1042	0	-	0.36	17.01
f4194301	unsat	14	standard	1615	1063	0	1615	1042	1056	0	-	0.36	13.16
f16777213	unsat	28	equation	2006	1309	0	2006	1284	1284	0	-	0.52	32.38
f16777213	unsat	28	standard	2006	1309	0	2006	1284	1295	0	-	0.50	23.29
flower9	unsat	88	equation	917	70	0	917	68	68	0	-	0.13	4.69
flower9	unsat	88	standard	917	70	0	917	68	68	0	-	0.12	2.61
flower11	unsat	338	equation	1387	86	0	1387	82	82	0	-	0.30	14.90
flower11	unsat	338	standard	1387	86	0	1387	82	84	0	-	0.30	7.96
gp20_2	sat	3	equation	1235	78	0	1235	78	78	1	yes	0.18	9.79
gp20_2	sat	3	standard	1235	78	0	1235	78	78	1	yes	0.18	5.10
gp23_2	unsat	102	equation	1665	90	0	1665	86	86	0	-	0.36	22.27
gp23_2	unsat	102	standard	1665	90	0	1665	86	86	0	-	0.37	11.34
cubic30_1	sat	2	equation	637	58	0	637	56	56	0	-	0.10	1.91
cubic30_1	sat	2	standard	637	58	0	637	56	56	0	-	0.10	1.18
bip14_1	unsat	0	equation	0	-	-	-	-	-	-	-	0.00	-
bip14_1	unsat	0	standard	0	-	-	-	-	-	-	-	0.00	-
f1000001	sat	4	equation	1383	912	0	1383	886	895	0	-	0.24	11.14
f1000001	sat	4	standard	1383	912	0	1383	886	891	0	-	0.24	8.46
f4194303	sat	4	equation	1676	1094	0	1676	1094	1094	1	yes	0.37	18.89
f4194303	sat	4	standard	1676	1094	0	1676	1094	1094	1	yes	0.38	14.15
f16777215	sat	6	equation	2084	1352	0	2084	1352	1352	1	yes	0.54	35.63
f16777215	sat	6	standard	2084	1352	0	2084	1352	1352	1	yes	0.55	25.75
gp16_2	sat	3	equation	759	62	0	759	62	62	1	yes	0.08	2.58
gp16_2	sat	3	standard	759	62	0	759	62	62	1	yes	0.07	1.51
gp22_2	sat	3	equation	1515	86	0	1515	86	86	1	yes	0.28	17.29
gp22_2	sat	3	standard	1515	86	0	1515	86	86	1	yes	0.28	8.72
cubic40_1	sat	9	equation	1255	78	0	1255	76	78	1	yes	0.20	10.77
cubic40_1	sat	9	standard	1255	78	0	1255	76	76	0	-	0.20	6.16
cubic50_1	sat	10	equation	1925	98	0	1925	96	96	0	-	0.79	35.77
cubic50_1	sat	10	standard	1925	98	0	1925	96	96	0	-	0.79	18.82
f101	unsat	0	equation-m	0	-	-	-	-	-	-	-	0.00	-
f101	unsat	0	standard-m	0	-	-	-	-	-	-	-	0.00	-
f143	sat	1	equation-m	2	1	1	0	1	1	1	yes	0.00	0.00
f143	sat	1	standard-m	2	1	1	0	1	1	1	yes	0.00	0.00
f1009	unsat	0	equation-m	0	-	-	-	-	-	-	-	0.01	-
f1009	unsat	0	standard-m	0	-	-	-	-	-	-	-	0.01	-
f14471	sat	1	equation-m	511	367	0	511	359	359	0	-	0.08	0.47
f14471	sat	1	standard-m	511	367	0	511	359	359	0	-	0.08	0.34
f14631	sat	1	equation-m	514	370	0	514	370	370	1	yes	0.09	0.53
f14631	sat	1	standard-m	514	370	0	514	370	370	1	yes	0.07	0.34
f14887	unsat	1	equation-m	510	365	0	510	359	359	0	-	0.09	0.45
f14887	unsat	1	standard-m	510	365	0	510	359	359	0	-	0.10	0.34
f15591	sat	1	equation-m	501	359	0	501	359	359	1	yes	0.13	0.44
f15591	sat	1	standard-m	501	359	0	501	359	359	1	yes	0.10	0.32
f16041	sat	1	equation-m	506	362	0	506	362	362	1	yes	0.09	0.46
f16041	sat	1	standard-m	506	362	0	506	362	362	1	yes	0.10	0.35
f32399	sat	2	equation-m	636	441	0	636	433	433	0	-	0.12	0.80
f32399	sat	2	standard-m	636	441	0	636	433	433	0	-	0.12	0.60
f32653	unsat	0	equation-m	0	-	-	-	-	-	-	-	0.13	-
f32653	unsat	0	standard-m	0	-	-	-	-	-	-	-	0.14	-
f32687	unsat	1	equation-m	638	435	0	638	426	426	0	-	0.10	0.82
f32687	unsat	1	standard-m	638	435	0	638	426	426	0	-	0.09	0.60
f32693	unsat	0	equation-m	0	-	-	-	-	-	-	-	0.18	-
f32693	unsat	0	standard-m	0	-	-	-	-	-	-	-	0.18	-
f32707	unsat	0	equation-m	0	-	-	-	-	-	-	-	0.16	-
f32707	unsat	0	standard-m	0	-	-	-	-	-	-	-	0.15	-
f32713	unsat	1	equation-m	612	419	0	612	410	410	0	-	0.10	0.73
f32713	unsat	1	standard-m	612	419	0	612	410	410	0	-	0.11	0.53
f32717	unsat	1	equation-m	568	404	0	568	395	395	0	-	0.12	0.61
f32717	unsat	1	standard-m	568	404	0	568	395	395	0	-	0.12	0.46
f32719	unsat	1	equation-m	615	425	0	615	418	418	0	-	0.10	0.83
f32719	unsat	1	standard-m	615	425	0	615	418	418	0	-	0.10	0.55
f32749	unsat	0	equation-m	0	-	-	-	-	-	-	-	0.19	-
f32749	unsat	0	standard-m	0	-	-	-	-	-	-	-	0.16	-
f60491	sat	2	equation-m	740	514	0	740	501	501	0	-	0.11	1.21
f60491	sat	2	standard-m	740	514	0	740	501	501	0	-	0.12	0.91
f65521	unsat	1	equation-m	713	482	0	713	469	469	0	-	0.12	1.12
f65521	unsat	1	standard-m	713	482	0	713	469	469	0	-	0.12	0.80
petersen	unsat	0	equation-m	0	-	-	-	-	-	-	-	0.00	-
petersen	unsat	0	standard-m	0	-	-	-	-	-	-	-	0.00	-
dodecahedron	sat	2	equation-m	263	38	0	263	36	38	1	yes	0.01	0.10
dodecahedron	sat	2	standard-m	263	38	0	263	36	38	1	yes	0.01	0.07
flower5	unsat	2	equation-m	265	38	0	265	36	36	0	-	0.01	0.11
flower5	unsat	2	standard-m	265	38	0	265	36	36	0	-	0.01	0.05
flower7	unsat	30	equation-m	543	54	0	543	52	52	0	-	0.03	0.70
flower7	unsat	30	standard-m	543	54	0	543	52	52	0	-	0.05	0.29
gp11_2	unsat	5	equation-m	329	42	0	329	40	40	0	-	0.02	0.22
gp11_2	unsat	5	standard-m	329	42	0	329	40	40	0	-	0.02	0.09
gp13_2	sat	3	equation-m	481	50	0	481	46	50	1	yes	0.03	0.48
gp13_2	sat	3	standard-m	481	50	0	481	46	46	0	-	0.05	0.21
gp14_2	sat	3	equation-m	563	54	0	563	54	54	1	yes	0.04	0.74
gp14_2	sat	3	standard-m	563	54	0	563	54	54	1	yes	0.06	0.31
gp17_2	unsat	15	equation-m	869	66	0	869	62	62	0	-	0.09	2.46
gp17_2	unsat	15	standard-m	869	66	0	869	62	62	0	-	0.10	0.85
coxeter	unsat	83	equation-m	585	54	0	585	50	52	0	-	0.04	0.81
coxeter	unsat	83	standard-m	585	54	0	585	50	52	0	-	0.04	0.41
cubic16_1	sat	1	equation-m	57	30	0	57	30	30	1	yes	0.01	0.00
cubic16_1	sat	1	standard-m	57	30	0	57	30	30	1	yes	0.01	0.00
cubic20_1	sat	2	equation-m	195	38	0	195	38	38	1	yes	0.02	0.05
cubic20_1	sat	2	standard-m	195	38	0	195	38	38	1	yes	0.02	0.03
cubic24_1	sat	3	equation-m	403	46	0	403	46	46	1	yes	0.03	0.33
cubic24_1	sat	3	standard-m	403	46	0	403	46	46	1	yes	0.03	0.17
bip8_1	unsat	0	equation-m	0	-	-	-	-	-	-	-	0.00	-
bip8_1	unsat	0	standard-m	0	-	-	-	-	-	-	-	0.00	-
bip9_1	unsat	0	equation-m	0	-	-	-	-	-	-	-	0.00	-
bip9_1	unsat	0	standard-m	0	-	-	-	-	-	-	-	0.00	-
bip10_1	unsat	0	equation-m	0	-	-	-	-	-	-	-	0.00	-
bip10_1	unsat	0	standard-m	0	-	-	-	-	-	-	-	0.00	-
bip11_1	unsat	0	equation-m	0	-	-	-	-	-	-	-	0.00	-
bip11_1	unsat	0	standard-m	0	-	-	-	-	-	-	-	0.00	-
bip12_1	unsat	0	equation-m	0	-	-	-	-	-	-	-	0.00	-
bip12_1	unsat	0	standard-m	0	-	-	-	-	-	-	-	0.00	-
f1000003	unsat	8	equation-m	1343	891	0	1343	881	881	0	-	0.26	6.10
f1000003	unsat	8	standard-m	1343	891	0	1343	881	881	0	-	0.25	4.34
f1000013	sat	3	equation-m	1343	895	0	1343	895	895	1	yes	0.26	6.07
f1000013	sat	3	standard-m	1343	895	0	1343	895	895	1	yes	0.27	4.35
f2097143	unsat	12	equation-m	1537	1005	0	1537	988	988	0	-	0.32	8.73
f2097143	unsat	12	standard-m	1537	1005	0	1537	988	988	0	-	0.31	6.14
f4194301	unsat	14	equation-m	1615	1063	0	1615	1042	1042	0	-	0.36	10.07
f4194301	unsat	14	standard-m	1615	1063	0	1615	1042	1052	0	-	0.35	7.07
f16777213	unsat	28	equation-m	2006	1309	0	2006	1284	1284	0	-	0.49	20.08
f16777213	unsat	28	standard-m	2006	1309	0	2006	1284	1285	0	-	0.50	12.85
flower9	unsat	88	equation-m	917	70	0	917	68	68	0	-	0.11	2.99
flower9	unsat	88	standard-m	917	70	0	917	68	68	0	-	0.13	1.04
flower11	unsat	338	equation-m	1387	86	0	1387	82	82	0	-	0.28	9.77
flower11	unsat	338	standard-m	1387	86	0	1387	82	82	0	-	0.29	3.15
gp20_2	sat	3	equation-m	1235	78	0	1235	78	78	1	yes	0.18	6.62
gp20_2	sat	3	standard-m	1235	78	0	1235	78	78	1	yes	0.19	2.14
gp23_2	unsat	102	equation-m	1665	90	0	1665	86	86	0	-	0.35	15.53
gp23_2	unsat	102	standard-m	1665	90	0	1665	86	86	0	-	0.35	4.72
cubic30_1	sat	2	equation-m	637	58	0	637	56	56	0	-	0.09	1.16
cubic30_1	sat	2	standard-m	637	58	0	637	56	56	0	-	0.10	0.53
bip14_1	unsat	0	equation-m	0	-	-	-	-	-	-	-	0.00	-
bip14_1	unsat	0	standard-m	0	-	-	-	-	-	-	-	0.00	-
f1000001	sat	4	equation-m	1383	912	0	1383	886	886	0	-	0.27	6.51
f1000001	sat	4	standard-m	1383	912	0	1383	886	886	0	-	0.24	4.63
f4194303	sat	4	equation-m	1676	1094	0	1676	1094	1094	1	yes	0.37	11.12
f4194303	sat	4	standard-m	1676	1094	0	1676	1094	1094	1	yes	0.38	7.82
f16777215	sat	6	equation-m	2084	1352	0	2084	1352	1352	1	yes	0.54	22.17
f16777215	sat	6	standard-m	2084	1352	0	2084	1352	1352	1	yes	0.55	14.23
gp16_2	sat	3	equation-m	759	62	0	759	62	62	1	yes	0.07	1.67
gp16_2	sat	3	standard-m	759	62	0	759	62	62	1	yes	0.08	0.63
gp22_2	sat	3	equation-m	1515	86	0	1515	86	86	1	yes	0.27	11.89
gp22_2	sat	3	standard-m	1515	86	0	1515	86	86	1	yes	0.29	3.65
cubic40_1	sat	9	equation-m	1255	78	0	1255	76	76	0	-	0.19	7.22
cubic40_1	sat	9	standard-m	1255	78	0	1255	76	76	0	-	0.20	2.81
cubic50_1	sat	10	equation-m	1925	98	0	1925	96	96	0	-	0.76	24.69
cubic50_1	sat	10	standard-m	1925	98	0	1925	96	96	0	-	0.77	8.84
f101	unsat	0	equation-m-meta	0	-	-	-	-	-	-	-	0.00	-
f101	unsat	0	standard-m-meta	0	-	-	-	-	-	-	-	0.00	-
f143	sat	1	equation-m-meta	2	1	1	0	1	1	1	yes	0.01	0.00
f143	sat	1	standard-m-meta	2	1	1	0	1	1	1	yes	0.01	0.00
f1009	unsat	0	equation-m-meta	0	-	-	-	-	-	-	-	0.01	-
f1009	unsat	0	standard-m-meta	0	-	-	-	-	-	-	-	0.01	-
f14471	sat	1	equation-m-meta	511	367	0	511	359	359	0	-	0.08	0.74
f14471	sat	1	standard-m-meta	511	367	0	511	359	359	0	-	0.08	0.63
f14631	sat	1	equation-m-meta	514	370	0	514	370	370	1	yes	0.08	0.82
f14631	sat	1	standard-m-meta	514	370	0	514	370	370	1	yes	0.08	0.61
f14887	unsat	1	equation-m-meta	510	365	0	510	359	359	0	-	0.07	0.73
f14887	unsat	1	standard-m-meta	510	365	0	510	359	361	0	-	0.08	0.61
f15591	sat	1	equation-m-meta	501	359	0	501	359	359	1	yes	0.10	0.71
f15591	sat	1	standard-m-meta	501	359	0	501	359	359	1	yes	0.09	0.58
f16041	sat	1	equation-m-meta	506	362	0	506	362	362	1	yes	0.09	0.73
f16041	sat	1	standard-m-meta	506	362	0	506	362	362	1	yes	0.10	0.60
f32399	sat	2	equation-m-meta	636	441	0	636	433	433	0	-	0.11	1.33
f32399	sat	2	standard-m-meta	636	441	0	636	433	433	0	-	0.11	1.10
f32653	unsat	0	equation-m-meta	0	-	-	-	-	-	-	-	0.15	-
f32653	unsat	0	standard-m-meta	0	-	-	-	-	-	-	-	0.13	-
f32687	unsat	1	equation-m-meta	638	435	0	638	426	426	0	-	0.10	1.32
f32687	unsat	1	standard-m-meta	638	435	0	638	426	429	0	-	0.10	1.08
f32693	unsat	0	equation-m-meta	0	-	-	-	-	-	-	-	0.19	-
f32693	unsat	0	standard-m-meta	0	-	-	-	-	-	-	-	0.17	-
f32707	unsat	0	equation-m-meta	0	-	-	-	-	-	-	-	0.14	-
f32707	unsat	0	standard-m-meta	0	-	-	-	-	-	-	-	0.15	-
f32713	unsat	1	equation-m-meta	612	419	0	612	410	410	0	-	0.10	1.18
f32713	unsat	1	standard-m-meta	612	419	0	612	410	413	0	-	0.11	0.97
f32717	unsat	1	equation-m-meta	568	404	0	568	395	398	0	-	0.12	0.98
f32717	unsat	1	standard-m-meta	568	404	0	568	395	399	0	-	0.12	0.83
f32719	unsat	1	equation-m-meta	615	425	0	615	418	418	0	-	0.11	1.31
f32719	unsat	1	standard-m-meta	615	425	0	615	418	419	0	-	0.11	0.97
f32749	unsat	0	equation-m-meta	0	-	-	-	-	-	-	-	0.16	-
f32749	unsat	0	standard-m-meta	0	-	-	-	-	-	-	-	0.16	-
f60491	sat	2	equation-m-meta	740	514	0	740	501	501	0	-	0.12	1.99
f60491	sat	2	standard-m-meta	740	514	0	740	501	506	0	-	0.11	1.61
f65521	unsat	1	equation-m-meta	713	482	0	713	469	469	0	-	0.11	1.84
f65521	unsat	1	standard-m-meta	713	482	0	713	469	471	0	-	0.12	1.46
petersen	unsat	0	equation-m-meta	0	-	-	-	-	-	-	-	0.00	-
petersen	unsat	0	standard-m-meta	0	-	-	-	-	-	-	-	0.00	-
dodecahedron	sat	2	equation-m-meta	263	38	0	263	36	38	1	yes	0.02	0.13
dodecahedron	sat	2	standard-m-meta	263	38	0	263	36	38	1	yes	0.01	0.12
flower5	unsat	2	equation-m-meta	265	38	0	265	36	36	0	-	0.01	0.13
flower5	unsat	2	standard-m-meta	265	38	0	265	36	36	0	-	0.01	0.10
flower7	unsat	30	equation-m-meta	543	54	0	543	52	52	0	-	0.03	0.89
flower7	unsat	30	standard-m-meta	543	54	0	543	52	52	0	-	0.03	0.63
gp11_2	unsat	5	equation-m-meta	329	42	0	329	40	40	0	-	0.03	0.22
gp11_2	unsat	5	standard-m-meta	329	42	0	329	40	40	0	-	0.02	0.18
gp13_2	sat	3	equation-m-meta	481	50	0	481	46	50	1	yes	0.03	0.59
gp13_2	sat	3	standard-m-meta	481	50	0	481	46	48	0	-	0.05	0.44
gp14_2	sat	3	equation-m-meta	563	54	0	563	54	54	1	yes	0.05	0.90
gp14_2	sat	3	standard-m-meta	563	54	0	563	54	54	1	yes	0.05	0.64
gp17_2	unsat	15	equation-m-meta	869	66	0	869	62	62	0	-	0.10	3.03
gp17_2	unsat	15	standard-m-meta	869	66	0	869	62	62	0	-	0.10	1.92
coxeter	unsat	83	equation-m-meta	585	54	0	585	50	52	0	-	0.04	1.00
coxeter	unsat	83	standard-m-meta	585	54	0	585	50	52	0	-	0.04	0.78
cubic16_1	sat	1	equation-m-meta	57	30	0	57	30	30	1	yes	0.01	0.00
cubic16_1	sat	1	standard-m-meta	57	30	0	57	30	30	1	yes	0.01	0.00
cubic20_1	sat	2	equation-m-meta	195	38	0	195	38	38	1	yes	0.02	0.07
cubic20_1	sat	2	standard-m-meta	195	38	0	195	38	38	1	yes	0.02	0.05
cubic24_1	sat	3	equation-m-meta	403	46	0	403	46	46	1	yes	0.03	0.41
cubic24_1	sat	3	standard-m-meta	403	46	0	403	46	46	1	yes	0.02	0.34
bip8_1	unsat	0	equation-m-meta	0	-	-	-	-	-	-	-	0.00	-
bip8_1	unsat	0	standard-m-meta	0	-	-	-	-	-	-	-	0.00	-
bip9_1	unsat	0	equation-m-meta	0	-	-	-	-	-	-	-	0.00	-
bip9_1	unsat	0	standard-m-meta	0	-	-	-	-	-	-	-	0.00	-
bip10_1	unsat	0	equation-m-meta	0	-	-	-	-	-	-	-	0.00	-
bip10_1	unsat	0	standard-m-meta	0	-	-	-	-	-	-	-	0.00	-
bip11_1	unsat	0	equation-m-meta	0	-	-	-	-	-	-	-	0.00	-
bip11_1	unsat	0	standard-m-meta	0	-	-	-	-	-	-	-	0.00	-
bip12_1	unsat	0	equation-m-meta	0	-	-	-	-	-	-	-	0.00	-
bip12_1	unsat	0	standard-m-meta	0	-	-	-	-	-	-	-	0.00	-
f1000003	unsat	8	equation-m-meta	1343	891	0	1343	881	881	0	-	0.25	9.80
f1000003	unsat	8	standard-m-meta	1343	891	0	1343	881	882	0	-	0.25	7.73
f1000013	sat	3	equation-m-meta	1343	895	0	1343	895	895	1	yes	0.27	9.79
f1000013	sat	3	standard-m-meta	1343	895	0	1343	895	895	1	yes	0.26	7.70
f2097143	unsat	12	equation-m-meta	1537	1005	0	1537	988	988	0	-	0.31	14.01
f2097143	unsat	12	standard-m-meta	1537	1005	0	1537	988	988	0	-	0.31	11.10
f4194301	unsat	14	equation-m-meta	1615	1063	0	1615	1042	1042	0	-	0.35	16.24
f4194301	unsat	14	standard-m-meta	1615	1063	0	1615	1042	1056	0	-	0.36	12.85
f16777213	unsat	28	equation-m-meta	2006	1309	0	2006	1284	1284	0	-	0.50	31.13
f16777213	unsat	28	standard-m-meta	2006	1309	0	2006	1284	1295	0	-	0.50	22.80
flower9	unsat	88	equation-m-meta	917	70	0	917	68	68	0	-	0.11	3.71
flower9	unsat	88	standard-m-meta	917	70	0	917	68	68	0	-	0.12	2.46
flower11	unsat	338	equation-m-meta	1387	86	0	1387	82	82	0	-	0.28	12.04
flower11	unsat	338	standard-m-meta	1387	86	0	1387	82	84	0	-	0.30	7.64
gp20_2	sat	3	equation-m-meta	1235	78	0	1235	78	78	1	yes	0.18	7.92
gp20_2	sat	3	standard-m-meta	1235	78	0	1235	78	78	1	yes	0.19	4.83
gp23_2	unsat	102	equation-m-meta	1665	90	0	1665	86	86	0	-	0.36	18.50
gp23_2	unsat	102	standard-m-meta	1665	90	0	1665	86	86	0	-	0.35	10.66
cubic30_1	sat	2	equation-m-meta	637	58	0	637	56	56	0	-	0.10	1.46
cubic30_1	sat	2	standard-m-meta	637	58	0	637	56	56	0	-	0.10	1.13
bip14_1	unsat	0	equation-m-meta	0	-	-	-	-	-	-	-	0.00	-
bip14_1	unsat	0	standard-m-meta	0	-	-	-	-	-	-	-	0.00	-
f1000001	sat	4	equation-m-meta	1383	912	0	1383	886	889	0	-	0.23	10.39
f1000001	sat	4	standard-m-meta	1383	912	0	1383	886	891	0	-	0.24	8.14
f4194303	sat	4	equation-m-meta	1676	1094	0	1676	1094	1094	1	yes	0.37	17.80
f4194303	sat	4	standard-m-meta	1676	1094	0	1676	1094	1094	1	yes	0.37	13.81
f16777215	sat	6	equation-m-meta	2084	1352	0	2084	1352	1352	1	yes	0.54	34.17
f16777215	sat	6	standard-m-meta	2084	1352	0	2084	1352	1352	1	yes	0.55	25.32
gp16_2	sat	3	equation-m-meta	759	62	0	759	62	62	1	yes	0.08	2.04
gp16_2	sat	3	standard-m-meta	759	62	0	759	62	62	1	yes	0.08	1.43
gp22_2	sat	3	equation-m-meta	1515	86	0	1515	86	86	1	yes	0.28	14.11
gp22_2	sat	3	standard-m-meta	1515	86	0	1515	86	86	1	yes	0.28	8.21
cubic40_1	sat	9	equation-m-meta	1255	78	0	1255	76	76	0	-	0.20	8.70
cubic40_1	sat	9	standard-m-meta	1255	78	0	1255	76	76	0	-	0.19	5.80
cubic50_1	sat	10	equation-m-meta	1925	98	0	1925	96	96	0	-	0.78	34.14
cubic50_1	sat	10	standard-m-meta	1925	98	0	1925	96	96	0	-	0.77	18.07
