f101	unsat	0	light	145	106	1681	0.754	105.8969800	105.8969797	1.03e-01	26	7
f101	unsat	0	full	0	-	-	-	-	-	-	-	-
f143	sat	1	light	180	132	2207	0.768	132.0000000	132.0000000	0.00e+00	2	9
f143	sat	1	full	2	1	1	0.000	1.0000000	1.0000000	5.00e-09	2	0
f1009	unsat	0	light	316	217	5452	0.817	217.0000000	217.0000003	0.00e+00	75	21
f1009	unsat	0	full	0	-	-	-	-	-	-	-	-
petersen	unsat	0	light	63	18	681	0.405	17.7651580	17.7651581	2.35e-01	32	0
petersen	unsat	0	full	0	-	-	-	-	-	-	-	-
dodecahedron	sat	2	light	293	38	8584	0.467	38.0000000	38.0000001	0.00e+00	219	25
dodecahedron	sat	2	full	263	38	12673	0.709	38.0000000	38.0000005	0.00e+00	213	54
flower5	unsat	2	full	265	38	14796	0.744	38.0000000	38.0000003	0.00e+00	211	77
gp11_2	unsat	5	full	329	42	19316	0.727	42.0000000	42.0000001	0.00e+00	269	159
f14887	unsat	1	full	510	365	22926	0.928	364.9362400	364.9362450	6.38e-02	94	307
cubic16_1	sat	1	full	57	30	1010	0.598	30.0000000	30.0000000	0.00e+00	12	1
cubic20_1	sat	2	full	195	38	9025	0.739	38.0000000	38.0000003	0.00e+00	152	25
f14471	sat	1	full	511	367	23319	0.930	367.0000000	367.0000000	0.00e+00	1	306
f14631	sat	1	full	514	370	23094	0.928	370.0000000	370.0000000	0.00e+00	1	266
f15591	sat	1	full	501	359	23376	0.932	359.0000000	359.0000000	0.00e+00	1	276
f16041	sat	1	full	506	362	24100	0.933	362.0000000	362.0000000	0.00e+00	1	298
f32717	unsat	1	full	568	404	29157	0.936	403.9655000	403.9654962	3.45e-02	108	629
f32713	unsat	1	full	612	419	29772	0.932	419.0000000	419.0000014	0.00e+00	161	680
f32719	unsat	1	full	615	425	30173	0.934	424.9991100	424.9991112	8.90e-04	101	452
f32687	unsat	1	full	638	435	34862	0.940	434.9999300	434.9999313	7.00e-05	106	710
cubic24_1	sat	3	full	403	46	33335	0.782	46.0000000	46.0000001	0.00e+00	335	502
gp13_2	sat	3	full	481	50	37848	0.748	50.0000000	50.0000002	0.00e+00	409	742
f32399	sat	2	full	636	441	34709	0.940	441.0000000	441.0000000	0.00e+00	5	659
f65521	unsat	1	full	713	482	41260	0.942	481.9999950	482.0000021	5.00e-06	198	1047
f60491	sat	2	full	740	514	44477	0.944	514.0000000	514.0000016	0.00e+00	205	1288
coxeter	unsat	83	full	585	54	50832	0.743	54.0000000	54.0000001	0.00e+00	509	1450
flower7	unsat	30	full	543	54	55123	0.793	54.0000005	54.0000009	-5.00e-07	465	1642
f14887	unsat	1	light	716	478	19177	0.875	478.0000000	478.0000020	0.00e+00	215	165
f32717	unsat	1	light	868	575	27132	0.892	575.0000000	575.0000022	0.00e+00	265	423
f32713	unsat	1	light	871	575	27289	0.891	574.9999950	575.0000026	5.00e-06	268	419
f32719	unsat	1	light	866	575	26987	0.892	575.0000000	575.0000016	0.00e+00	271	413
f32687	unsat	1	light	866	575	27053	0.892	575.0000000	575.0000015	0.00e+00	273	418
f65521	unsat	1	light	955	631	30648	0.894	631.0000000	631.0000013	0.00e+00	296	602
f32749	unsat	0	light	865	575	26846	0.891	574.9999950	575.0000024	5.00e-06	264	401
f32707	unsat	0	light	872	575	27332	0.891	575.0000000	575.0000019	0.00e+00	270	411
f32693	unsat	0	light	868	575	27156	0.892	575.0000000	575.0000018	0.00e+00	268	400
f32653	unsat	0	light	871	575	27490	0.892	575.0000000	575.0000022	0.00e+00	268	428
