f143	light	2	2	2	2	49	4.9e-04	286	0
f143	full	2	2	1	2	2	0.0e+00	3	0
dodecahedron	light	60	60	219	219	257	6.4e-05	7550	0
dodecahedron	full	60	60	213	213	227	1.0e-04	3969	0
f14471	full	1	1	1	1	149	1.3e-05	9168	1
f14631	full	1	1	1	2	150	6.9e-07	10653	1
f15591	full	1	1	1	1	145	2.6e-06	7460	1
f16041	full	1	1	1	1	146	4.0e-06	9069	1
cubic16_1	full	12	12	12	12	29	2.9e-05	113	0
cubic20_1	full	30	30	152	152	160	2.9e-04	1319	0
f32399	full	2	2	5	18	198	6.3e-03	12742	1
f60491	full	2	2	205	211	236	2.2e-02	39534	2
cubic24_1	full	48	36	335	335	359	2.4e-04	9359	0
gp13_2	full	26	26	409	409	433	2.5e-03	33497	0
