qwh:n10_p30_0	plain	50	30	1	True	31	0.0
qwh:n10_p30_0	order	50	30	1	True	31	0.0
qwh:n10_p30_0	prune	50	30	1	True	31	0.0
qwh:n10_p30_1	plain	50	30	1	True	31	0.0
qwh:n10_p30_1	order	50	30	1	True	31	0.0
qwh:n10_p30_1	prune	50	30	1	True	31	0.0
qwh:n10_p30_2	plain	50	30	2	True	31	0.0
qwh:n10_p30_2	order	50	30	2	True	31	0.0
qwh:n10_p30_2	prune	50	30	2	True	31	0.0
qwh:n10_p30_3	plain	59	30	2	True	31	0.0
qwh:n10_p30_3	order	59	30	2	True	31	0.0
qwh:n10_p30_3	prune	59	30	2	True	31	0.0
qwh:n10_p35_0	plain	74	35	1	True	36	0.0
qwh:n10_p35_0	order	74	35	1	True	36	0.0
qwh:n10_p35_0	prune	74	35	1	True	36	0.0
qwh:n10_p35_1	plain	73	35	3	True	36	0.0
qwh:n10_p35_1	order	73	35	3	True	36	0.0
qwh:n10_p35_1	prune	73	35	3	True	36	0.0
qwh:n10_p35_2	plain	81	35	2	True	36	0.0
qwh:n10_p35_2	order	81	35	2	True	36	0.0
qwh:n10_p35_2	prune	81	35	2	True	36	0.0
qwh:n10_p35_3	plain	75	35	2	True	36	0.0
qwh:n10_p35_3	order	75	35	2	True	36	0.0
qwh:n10_p35_3	prune	75	35	2	True	36	0.0
qwh:n10_p40_0	plain	90	40	2	True	41	0.0
qwh:n10_p40_0	order	90	40	2	True	41	0.0
qwh:n10_p40_0	prune	90	40	2	True	41	0.0
qwh:n10_p40_1	plain	92	40	1	True	41	0.0
qwh:n10_p40_1	order	92	40	1	True	41	0.0
qwh:n10_p40_1	prune	92	40	1	True	41	0.0
qwh:n10_p40_2	plain	90	40	1	True	41	0.0
qwh:n10_p40_2	order	90	40	1	True	41	0.0
qwh:n10_p40_2	prune	90	40	1	True	41	0.0
qwh:n10_p40_3	plain	87	40	1	True	41	0.0
qwh:n10_p40_3	order	87	40	1	True	41	0.0
qwh:n10_p40_3	prune	87	40	1	True	41	0.0
qwh:n10_p45_0	plain	133	45	9	True	58	0.0
qwh:n10_p45_0	order	133	45	9	True	46	0.0
qwh:n10_p45_0	prune	133	45	9	True	46	0.0
qwh:n10_p45_1	plain	143	45	13	True	46	0.0
qwh:n10_p45_1	order	143	45	13	True	46	0.0
qwh:n10_p45_1	prune	143	45	13	True	46	0.0
qwh:n10_p45_2	plain	126	45	3	True	46	0.0
qwh:n10_p45_2	order	126	45	3	True	46	0.0
qwh:n10_p45_2	prune	126	45	3	True	46	0.0
qwh:n10_p45_3	plain	127	45	5	True	46	0.0
qwh:n10_p45_3	order	127	45	5	True	46	0.0
qwh:n10_p45_3	prune	127	45	5	True	46	0.0
qwh:n10_p50_0	plain	157	50	10	True	51	0.0
qwh:n10_p50_0	order	157	50	10	True	59	0.0
qwh:n10_p50_0	prune	157	50	10	True	51	0.0
qwh:n10_p50_1	plain	154	50	3	True	59	0.0
qwh:n10_p50_1	order	154	50	3	True	51	0.0
qwh:n10_p50_1	prune	154	50	3	True	51	0.0
qwh:n10_p50_2	plain	164	50	13	True	60	0.0
qwh:n10_p50_2	order	164	50	13	True	59	0.0
qwh:n10_p50_2	prune	164	50	13	True	59	0.0
qwh:n10_p50_3	plain	163	50	17	True	51	0.0
qwh:n10_p50_3	order	163	50	17	True	51	0.0
qwh:n10_p50_3	prune	163	50	17	True	51	0.0
qwh:n10_p60_0	plain	252	60	99	True	61	0.0
qwh:n10_p60_0	order	252	60	99	True	61	0.0
qwh:n10_p60_0	prune	252	60	99	True	61	0.2
qwh:n10_p60_1	plain	247	60	88	True	61	0.0
qwh:n10_p60_1	order	247	60	88	True	61	0.0
qwh:n10_p60_1	prune	247	60	88	True	61	0.2
qwh:n10_p60_2	plain	241	60	91	True	61	0.0
qwh:n10_p60_2	order	241	60	91	True	61	0.0
qwh:n10_p60_2	prune	241	60	91	True	61	0.1
qwh:n10_p60_3	plain	261	60	101	True	61	0.0
qwh:n10_p60_3	order	261	60	101	True	61	0.0
qwh:n10_p60_3	prune	261	60	101	True	61	0.2
qwh:n10_p70_0	plain	378	70	198	True	71	0.0
qwh:n10_p70_0	order	378	70	198	True	71	0.0
qwh:n10_p70_0	prune	378	70	198	True	71	0.4
qwh:n10_p70_1	plain	378	70	198	True	71	0.0
qwh:n10_p70_1	order	378	70	198	True	71	0.0
qwh:n10_p70_1	prune	378	70	198	True	71	0.4
qwh:n10_p70_2	plain	369	70	189	True	71	0.0
qwh:n10_p70_2	order	369	70	189	True	71	0.0
qwh:n10_p70_2	prune	369	70	189	True	71	0.4
qwh:n10_p70_3	plain	379	70	199	True	71	0.0
qwh:n10_p70_3	order	379	70	199	True	71	0.0
qwh:n10_p70_3	prune	379	70	199	True	71	0.4
qwh:n15_p30_0	plain	170	68	2	True	69	0.0
qwh:n15_p30_0	order	170	68	2	True	69	0.0
qwh:n15_p30_0	prune	170	68	2	True	69	0.0
qwh:n15_p30_1	plain	154	68	1	True	69	0.0
qwh:n15_p30_1	order	154	68	1	True	69	0.0
qwh:n15_p30_1	prune	154	68	1	True	69	0.0
qwh:n15_p30_2	plain	156	68	2	True	69	0.0
qwh:n15_p30_2	order	156	68	2	True	69	0.0
qwh:n15_p30_2	prune	156	68	2	True	69	0.0
qwh:n15_p30_3	plain	145	68	2	True	69	0.0
qwh:n15_p30_3	order	145	68	2	True	69	0.0
qwh:n15_p30_3	prune	145	68	2	True	69	0.0
qwh:n15_p35_0	plain	212	79	1	True	80	0.0
qwh:n15_p35_0	order	212	79	1	True	80	0.0
qwh:n15_p35_0	prune	212	79	1	True	80	0.0
qwh:n15_p35_1	plain	198	79	2	True	80	0.0
qwh:n15_p35_1	order	198	79	2	True	80	0.0
qwh:n15_p35_1	prune	198	79	2	True	80	0.0
qwh:n15_p35_2	plain	216	79	4	True	80	0.0
qwh:n15_p35_2	order	216	79	4	True	80	0.0
qwh:n15_p35_2	prune	216	79	4	True	80	0.0
qwh:n15_p35_3	plain	192	79	1	True	80	0.0
qwh:n15_p35_3	order	192	79	1	True	80	0.0
qwh:n15_p35_3	prune	192	79	1	True	80	0.0
qwh:n15_p40_0	plain	277	90	20	True	156	0.0
qwh:n15_p40_0	order	277	90	20	True	127	0.0
qwh:n15_p40_0	prune	277	90	20	True	91	0.1
qwh:n15_p40_1	plain	312	90	24	True	91	0.0
qwh:n15_p40_1	order	312	90	24	True	91	0.0
qwh:n15_p40_1	prune	312	90	24	True	91	0.1
qwh:n15_p40_2	plain	288	90	14	True	91	0.0
qwh:n15_p40_2	order	288	90	14	True	91	0.0
qwh:n15_p40_2	prune	288	90	14	True	91	0.1
qwh:n15_p40_3	plain	310	90	19	True	91	0.0
qwh:n15_p40_3	order	310	90	19	True	91	0.0
qwh:n15_p40_3	prune	310	90	19	True	91	0.1
qwh:n15_p45_0	plain	369	101	75	True	102	0.0
qwh:n15_p45_0	order	369	101	75	True	159	0.0
qwh:n15_p45_0	prune	369	101	75	True	137	0.3
qwh:n15_p45_1	plain	381	101	105	True	106	0.0
qwh:n15_p45_1	order	381	101	105	True	162	0.0
qwh:n15_p45_1	prune	381	101	105	True	102	0.4
qwh:n15_p45_2	plain	376	101	41	True	102	0.0
qwh:n15_p45_2	order	376	101	41	True	102	0.0
qwh:n15_p45_2	prune	376	101	41	True	118	0.2
qwh:n15_p45_3	plain	373	101	65	True	102	0.0
qwh:n15_p45_3	order	373	101	65	True	102	0.0
qwh:n15_p45_3	prune	373	101	65	True	102	0.2
qwh:n15_p50_0	plain	508	112	176	True	113	0.0
qwh:n15_p50_0	order	508	112	176	True	113	0.0
qwh:n15_p50_0	prune	508	112	176	True	113	0.8
qwh:n15_p50_1	plain	501	112	192	True	113	0.0
qwh:n15_p50_1	order	501	112	192	True	241	0.0
qwh:n15_p50_1	prune	501	112	192	True	113	0.9
qwh:n15_p50_2	plain	485	112	184	True	291	0.0
qwh:n15_p50_2	order	485	112	184	True	216	0.0
qwh:n15_p50_2	prune	485	112	184	True	113	0.8
qwh:n15_p50_3	plain	520	112	192	True	113	0.0
qwh:n15_p50_3	order	520	112	192	True	113	0.0
qwh:n15_p50_3	prune	520	112	192	True	113	1.0
qwh:n15_p60_0	plain	805	135	437	True	156	0.0
qwh:n15_p60_0	order	805	135	437	True	148	0.0
qwh:n15_p60_0	prune	805	135	437	True	136	4.3
qwh:n15_p60_1	plain	780	135	420	True	178	0.0
qwh:n15_p60_1	order	780	135	420	True	136	0.0
qwh:n15_p60_1	prune	780	135	420	True	136	3.8
qwh:n15_p60_2	plain	787	135	416	True	139	0.0
qwh:n15_p60_2	order	787	135	416	True	136	0.0
qwh:n15_p60_2	prune	787	135	416	True	136	3.6
qwh:n15_p60_3	plain	794	135	434	True	136	0.0
qwh:n15_p60_3	order	794	135	434	True	136	0.0
qwh:n15_p60_3	prune	794	135	434	True	136	3.6
qwh:n15_p70_0	plain	1242	158	813	True	159	0.0
qwh:n15_p70_0	order	1242	158	813	True	159	0.0
qwh:n15_p70_0	prune	1242	158	813	True	159	12.4
qwh:n15_p70_1	plain	1221	158	792	True	159	0.0
qwh:n15_p70_1	order	1221	158	792	True	159	0.0
qwh:n15_p70_1	prune	1221	158	792	True	159	11.8
qwh:n15_p70_2	plain	1216	158	787	True	177	0.0
qwh:n15_p70_2	order	1216	158	787	True	209	0.0
qwh:n15_p70_2	prune	1216	158	787	True	159	11.9
qwh:n15_p70_3	plain	1260	158	831	True	159	0.0
qwh:n15_p70_3	order	1260	158	831	True	167	0.0
qwh:n15_p70_3	prune	1260	158	831	True	159	12.9
qwh:n20_p35_0	plain	452	140	3	True	141	0.0
qwh:n20_p35_0	order	452	140	3	True	141	0.0
qwh:n20_p35_0	prune	452	140	3	True	141	0.1
qwh:n20_p35_1	plain	465	140	9	True	141	0.0
qwh:n20_p35_1	order	465	140	9	True	141	0.0
qwh:n20_p35_1	prune	465	140	9	True	141	0.1
qwh:n20_p35_2	plain	466	140	2	True	141	0.0
qwh:n20_p35_2	order	466	140	2	True	141	0.0
qwh:n20_p35_2	prune	466	140	2	True	141	0.1
qwh:n20_p40_0	plain	641	160	172	True	498	0.0
qwh:n20_p40_0	order	641	160	172	True	3498	0.1
qwh:n20_p40_0	prune	641	160	172	True	229	2.0
qwh:n20_p40_1	plain	684	160	218	True	264	0.0
qwh:n20_p40_1	order	684	160	218	True	161	0.0
qwh:n20_p40_1	prune	684	160	218	True	161	1.8
qwh:n20_p40_2	plain	612	160	4	True	177	0.0
qwh:n20_p40_2	order	612	160	4	True	161	0.0
qwh:n20_p40_2	prune	612	160	4	True	161	0.1
qwh:n20_p45_0	plain	837	180	329	True	1021	0.0
qwh:n20_p45_0	order	837	180	329	True	1313	0.1
qwh:n20_p45_0	prune	837	180	329	True	181	4.0
qwh:n20_p45_1	plain	868	180	360	True	310	0.0
qwh:n20_p45_1	order	868	180	360	True	229	0.0
qwh:n20_p45_1	prune	868	180	360	True	181	4.6
qwh:n20_p45_2	plain	860	180	359	True	20874	0.7
qwh:n20_p45_2	order	860	180	359	True	432	0.0
qwh:n20_p45_2	prune	860	180	359	True	533	11.9
qwh:n20_p50_0	plain	1140	200	573	True	206	0.0
qwh:n20_p50_0	order	1140	200	573	True	201	0.0
qwh:n20_p50_0	prune	1140	200	573	True	201	13.5
qwh:n20_p50_1	plain	1136	200	585	True	318	0.0
qwh:n20_p50_1	order	1136	200	585	True	228	0.0
qwh:n20_p50_1	prune	1136	200	585	True	201	14.8
qwh:n20_p50_2	plain	1120	200	533	True	239	0.0
qwh:n20_p50_2	order	1120	200	533	True	201	0.0
qwh:n20_p50_2	prune	1120	200	533	True	370	15.3
qwh:n6_p40_0	plain	24	14	2	True	15	0.0
qwh:n6_p40_0	order	24	14	2	True	15	0.0
qwh:n6_p40_0	prune	24	14	2	True	15	0.0
qwh:n6_p40_1	plain	18	14	1	True	15	0.0
qwh:n6_p40_1	order	18	14	1	True	15	0.0
qwh:n6_p40_1	prune	18	14	1	True	15	0.0
qwh:n6_p60_0	plain	60	22	2	True	23	0.0
qwh:n6_p60_0	order	60	22	2	True	23	0.0
qwh:n6_p60_0	prune	60	22	2	True	23	0.0
qwh:n6_p60_1	plain	57	22	3	True	23	0.0
qwh:n6_p60_1	order	57	22	3	True	23	0.0
qwh:n6_p60_1	prune	57	22	3	True	23	0.0
qwh:n8_p40_0	plain	53	26	1	True	27	0.0
qwh:n8_p40_0	order	53	26	1	True	27	0.0
qwh:n8_p40_0	prune	53	26	1	True	27	0.0
qwh:n8_p40_1	plain	46	26	1	True	27	0.0
qwh:n8_p40_1	order	46	26	1	True	27	0.0
qwh:n8_p40_1	prune	46	26	1	True	27	0.0
qwh:n8_p60_0	plain	122	38	22	True	39	0.0
qwh:n8_p60_0	order	122	38	22	True	39	0.0
qwh:n8_p60_0	prune	122	38	22	True	39	0.0
qwh:n8_p60_1	plain	126	38	28	True	39	0.0
qwh:n8_p60_1	order	126	38	28	True	39	0.0
qwh:n8_p60_1	prune	126	38	28	True	39	0.0
qwh:n8_p70_0	plain	192	45	81	True	46	0.0
qwh:n8_p70_0	order	192	45	81	True	46	0.0
qwh:n8_p70_0	prune	192	45	81	True	46	0.1
sat01:f143:light	plain	180	132	2	True	111	0.0
sat01:f143:light	order	180	132	2	True	111	0.0
sat01:f143:light	prune	180	132	2	True	51	0.0
sat01:f14471	plain	511	367	1	True	1002	0.0
sat01:f14471	order	511	367	1	True	135	0.0
sat01:f14471	prune	511	367	1	True	135	0.1
sat01:f14631	plain	514	370	1	True	2208	0.1
sat01:f14631	order	514	370	1	True	117	0.0
sat01:f14631	prune	514	370	1	True	117	0.1
sat01:f15591	plain	501	359	1	True	3960	0.2
sat01:f15591	order	501	359	1	True	126	0.0
sat01:f15591	prune	501	359	1	True	126	0.1
sat01:f16041	plain	506	362	1	True	1015	0.0
sat01:f16041	order	506	362	1	True	128	0.0
sat01:f16041	prune	506	362	1	True	128	0.1
sat01:f32399	plain	636	441	2	True	3840	0.2
sat01:f32399	order	636	441	2	True	151	0.0
sat01:f32399	prune	636	441	2	True	151	0.1
sat01:f60491	plain	740	514	215	True	23214	1.2
sat01:f60491	order	740	514	215	True	1355	0.1
sat01:f60491	prune	740	514	215	True	309	3.5
sat01:cubic16_1	plain	57	30	12	True	13	0.0
sat01:cubic16_1	order	57	30	12	True	12	0.0
sat01:cubic16_1	prune	57	30	12	True	12	0.0
sat01:cubic20_1	plain	195	38	152	True	41	0.0
sat01:cubic20_1	order	195	38	152	True	22	0.0
sat01:cubic20_1	prune	195	38	152	True	39	0.0
sat01:cubic24_1	plain	403	46	335	True	386	0.0
sat01:cubic24_1	order	403	46	335	True	565	0.0
sat01:cubic24_1	prune	403	46	335	True	32	0.2
sat01:dodecahedron	plain	263	38	213	True	37	0.0
sat01:dodecahedron	order	263	38	213	True	20	0.0
sat01:dodecahedron	prune	263	38	213	True	20	0.1
sat01:gp13_2	plain	481	50	411	True	3587	0.1
sat01:gp13_2	order	481	50	411	True	503	0.0
sat01:gp13_2	prune	481	50	411	True	257	1.2
theta:san200_0.7_2	decimate	200	18	2	True	2	0.2
theta:san200_0.7_2	projections	200	18	2	True	28/50	0.2
theta:san200_0.7_2	l4	200	18	2	True	3/20	0.2
theta:san200_0.7_2	random-greedy	200	18	2	False	0/50	0.2
theta:gen200_p0.9_55	decimate	200	55	3	True	3	0.2
theta:gen200_p0.9_55	projections	200	55	3	True	50/50	0.2
theta:gen200_p0.9_55	l4	200	55	3	False	0/20	0.2
theta:gen200_p0.9_55	random-greedy	200	55	3	False	0/50	0.2
theta:gen200_p0.9_44	decimate	200	44	157	False	3001	1.4
theta:gen200_p0.9_44	projections	200	44	157	False	0/50	1.4
theta:gen200_p0.9_44	l4	200	44	157	False	0/20	1.4
theta:gen200_p0.9_44	random-greedy	200	44	157	False	0/50	1.4
sat01:f143:light	decimate	180	132	2	True	2	0.2
sat01:f143:light	projections	180	132	2	True	34/50	0.2
sat01:f143:light	l4	180	132	2	True	20/20	0.2
sat01:f143:light	random-greedy	180	132	2	False	0/50	0.2
sat01:f14471	decimate	511	367	1	True	1	0.6
sat01:f14471	projections	511	367	1	True	50/50	0.6
sat01:f14471	l4	511	367	1	True	20/20	0.6
sat01:f14471	random-greedy	511	367	1	False	0/50	0.6
sat01:f32399	decimate	636	441	2	True	3	0.7
sat01:f32399	projections	636	441	2	True	32/50	0.7
sat01:f32399	l4	636	441	2	True	6/20	0.7
sat01:f32399	random-greedy	636	441	2	False	0/50	0.7
sat01:f60491	decimate	740	514	215	False	3001	30.4
sat01:f60491	projections	740	514	215	False	0/50	30.4
sat01:f60491	l4	740	514	215	False	0/20	30.4
sat01:f60491	random-greedy	740	514	215	False	0/50	30.4
sat01:cubic16_1	decimate	57	30	12	True	2	0.1
sat01:cubic16_1	projections	57	30	12	True	46/50	0.1
sat01:cubic16_1	l4	57	30	12	True	20/20	0.1
sat01:cubic16_1	random-greedy	57	30	12	True	41/50	0.1
sat01:cubic20_1	decimate	195	38	152	False	3001	0.9
sat01:cubic20_1	projections	195	38	152	True	4/50	0.9
sat01:cubic20_1	l4	195	38	152	True	4/20	0.9
sat01:cubic20_1	random-greedy	195	38	152	True	3/50	0.9
sat01:cubic24_1	decimate	403	46	335	False	3001	2.6
sat01:cubic24_1	projections	403	46	335	False	0/50	2.6
sat01:cubic24_1	l4	403	46	335	False	0/20	2.6
sat01:cubic24_1	random-greedy	403	46	335	False	0/50	2.6
sat01:dodecahedron	decimate	263	38	213	False	3001	1.6
sat01:dodecahedron	projections	263	38	213	False	0/50	1.6
sat01:dodecahedron	l4	263	38	213	False	0/20	1.6
sat01:dodecahedron	random-greedy	263	38	213	False	0/50	1.6
sat01:gp13_2	decimate	481	50	411	False	3001	4.2
sat01:gp13_2	projections	481	50	411	False	0/50	4.2
sat01:gp13_2	l4	481	50	411	False	0/20	4.2
sat01:gp13_2	random-greedy	481	50	411	False	0/50	4.2
qwhnew:25,0.40,1	plain	1203	250	445	True	88204	4.2
qwhnew:25,0.40,1	order	1203	250	445	True	8185	0.4
qwhnew:25,0.40,1	prune	1203	250	445	False	5001	78.0
qwhnew:25,0.40,2	plain	1214	250	487	False	200001	8.8
qwhnew:25,0.40,2	order	1214	250	487	False	200001	10.1
qwhnew:25,0.40,2	prune	1214	250	487	True	2250	29.8
qwhnew:25,0.42,0	plain	1328	262	588	True	46479	2.3
qwhnew:25,0.42,0	order	1328	262	588	True	60849	2.8
qwhnew:25,0.42,0	prune	1328	262	588	False	5001	79.2
qwhnew:25,0.42,2	plain	1319	262	567	True	86894	4.5
qwhnew:25,0.42,2	order	1319	262	567	True	305	0.0
qwhnew:25,0.42,2	prune	1319	262	567	True	818	13.4
qwhnew:30,0.40,0	plain	2095	360	1035	False	200001	10.8
qwhnew:30,0.40,0	order	2095	360	1035	False	200001	11.5
qwhnew:30,0.40,0	prune	2095	360	1035	True	532	23.6
qwhnew:30,0.40,1	plain	2056	360	1046	False	200001	9.8
qwhnew:30,0.40,1	order	2056	360	1046	False	200001	11.1
qwhnew:30,0.40,1	prune	2056	360	1046	False	5001	130.1
qwhnew:30,0.42,0	plain	2249	378	1185	False	200001	10.2
qwhnew:30,0.42,0	order	2249	378	1185	True	566	0.1
qwhnew:30,0.42,0	prune	2249	378	1185	True	413	26.3
qwhnew:30,0.42,1	plain	2339	378	1247	False	200001	8.8
qwhnew:30,0.42,1	order	2339	378	1247	False	200001	9.2
qwhnew:30,0.42,1	prune	2339	378	1247	True	1090	42.7
qwhnew:30,0.42,2	plain	2299	378	1203	False	200001	10.6
qwhnew:30,0.42,2	order	2299	378	1203	True	399	0.1
qwhnew:30,0.42,2	prune	2299	378	1203	True	568	29.2
qwhnew:30,0.45,2	plain	2789	405	1655	True	49684	1.9
qwhnew:30,0.45,2	order	2789	405	1655	True	8593	0.5
qwhnew:30,0.45,2	prune	2789	405	1655	True	3764	148.4
qwhnew:25,0.40,1	prune-50k	1203	250	445	False	50001	718.4
qwhnew:25,0.42,0	prune-50k	1328	262	588	True	26230	398.5
