hamming6-2	64	32	32.0000000	X	193	0
hamming6-2	64	32	32.0000010	Y	1887	0
johnson8-4-4	70	14	14.0000000	X	561	0
johnson8-4-4	70	14	14.0000000	Y	1924	0
hamming6-4	64	4	5.3333333	X	1313	0
hamming6-4	64	4	5.3333334	Y	767	0
MANN_a9	45	16	17.4750320	X	73	0
MANN_a9	45	16	17.4750320	Y	962	0
c-fat200-1	200	12	12.0000000	Y	1733	0
gen200_p0.9_55	200	55	55.0000000	X	1991	1
gen200_p0.9_44	200	44	44.0000000	X	1991	1
c-fat500-1	500	14	14.0000000	Y	4958	5
brock200_1	200	21	27.4566410	X	5067	4
san200_0.7_2	200	18	18.0000000	X	5971	9
c-fat200-5	200	58	60.3452750	Y	8672	13
c-fat500-2	500	26	26.0000000	Y	9638	18
p_hat300-3	300	36	41.1699300	X	11461	31
c-fat500-5	500	64	64.0000010	Y	23690	178
sanr400_0.5	400	13	20.3176565	X	39817	624
c-fat500-10	500	126	126.0000000	Y	47126	1130
p_hat700-1	700	11	15.1198580	Y	61698	2521
p_hat500-2	500	36	38.9746580	X	61805	2808
